model,virus,treatment,assay,reach_EC50,EC50,EC50_error,reach_EC90,EC90,EC90_error
LL.3,K227S,mAb,Neutralization,Weak effect (>0.4),NA,NA,Weak effect (>0.4),NA,NA
LL.3,K650Y,mAb,Neutralization,yes,3002.1309966762424,270.1271990156661,yes,12204.926673501945,2606.9244859209794
LL.3,K723E,mAb,Neutralization,yes,2870.4206385584916,245.13866575852737,yes,11339.542732726855,2347.6412391280555
LL.3,WT,mAb,Neutralization,yes,4666.044212641044,794.1920652085043,yes,29567.293641713928,10445.943540400163
