id,virus,treatment,concentration,replicate,fluo,assay,file.name,remaining_signal
A1,K227S,mAb,0.01,1,1463.625,Neutralization,K227S,0.8648349213383558
A2,K227S,mAb,0.01,2,1542.625,Neutralization,K227S,0.9115148829307925
B1,K227S,mAb,3.3333333333333335E-3,1,1486.625,Neutralization,K227S,0.8784252899032425
B2,K227S,mAb,3.3333333333333335E-3,2,1774.625,Neutralization,K227S,1.048600339759214
C1,K227S,mAb,1.1111111111111111E-3,1,1453.625,Neutralization,K227S,0.858926065440579
C2,K227S,mAb,1.1111111111111111E-3,2,1561.625,Neutralization,K227S,0.9227417091365684
D1,K227S,mAb,3.7037037037037035E-4,1,1353.625,Neutralization,K227S,0.7998375064628112
D2,K227S,mAb,3.7037037037037035E-4,2,1754.625,Neutralization,K227S,1.0367826279636605
E1,K227S,mAb,1.2345679012345679E-4,1,1494.625,Neutralization,K227S,0.8831523746214639
E2,K227S,mAb,1.2345679012345679E-4,2,1654.625,Neutralization,K227S,0.9776940689858926
F1,K227S,mAb,4.1149999999999997E-5,1,1401.625,Neutralization,K227S,0.8282000147721398
F2,K227S,mAb,4.1149999999999997E-5,2,1755.625,Neutralization,K227S,1.0373735135534383
G1,K227S,negative,0,1,1416.625,Neutralization,K227S,0.8370632986188049
G2,K227S,negative,0,2,1648.625,Neutralization,K227S,0.9741487554472266
G3,K227S,negative,0,3,1694.625,Neutralization,K227S,1.0013294925769998
G4,K227S,negative,0,4,1775.625,Neutralization,K227S,1.049191225348992
G5,K227S,negative,0,5,1749.625,Neutralization,K227S,1.033828200014772
G6,K227S,negative,0,6,1781.625,Neutralization,K227S,1.052736538887658
G7,K227S,negative,0,7,1803.625,Neutralization,K227S,1.0657360218627667
G8,K227S,negative,0,8,1668.625,Neutralization,K227S,0.9859664672427801
