id,virus,treatment,concentration,replicate,fluo,assay,file.name,remaining_signal
A1,K650Y,mAb,0.01,1,3.125,Neutralization,K650Y,0.00213656952397231
A2,K650Y,mAb,0.01,2,-0.875,Neutralization,K650Y,-5.982394667122468e-4
B1,K650Y,mAb,3.3333333333333335E-3,1,15.125,Neutralization,K650Y,0.01034099649602598
B2,K650Y,mAb,3.3333333333333335E-3,2,9.125,Neutralization,K650Y,0.006238783009999145
C1,K650Y,mAb,1.1111111111111111E-3,1,159.125,Neutralization,K650Y,0.10879412016067003
C2,K650Y,mAb,1.1111111111111111E-3,2,154.125,Neutralization,K650Y,0.10537560892231433
D1,K650Y,mAb,3.7037037037037035E-4,1,683.125,Neutralization,K650Y,0.46705409794034697
D2,K650Y,mAb,3.7037037037037035E-4,2,779.125,Neutralization,K650Y,0.5326895137167763
E1,K650Y,mAb,1.2345679012345679E-4,1,1168.125,Neutralization,K650Y,0.7986496880608495
E2,K650Y,mAb,1.2345679012345679E-4,2,1175.125,Neutralization,K650Y,0.8034356037945475
F1,K650Y,mAb,4.1149999999999997E-5,1,1493.125,Neutralization,K650Y,1.0208529185539696
F2,K650Y,mAb,4.1149999999999997E-5,2,1435.125,Neutralization,K650Y,0.9811981881890437
G1,K650Y,negative,0,1,1635.125,Neutralization,K650Y,1.1179386377232716
G2,K650Y,negative,0,2,1587.125,Neutralization,K650Y,1.0851209298350568
G3,K650Y,negative,0,3,1403.125,Neutralization,K650Y,0.9593197162635673
G4,K650Y,negative,0,4,1468.125,Neutralization,K650Y,1.0037603623621913
G5,K650Y,negative,0,5,1473.125,Neutralization,K650Y,1.007178873600547
G6,K650Y,negative,0,6,1388.125,Neutralization,K650Y,0.9490641825485001
G7,K650Y,negative,0,7,1353.125,Neutralization,K650Y,0.9251346038800102
G8,K650Y,negative,0,8,1393.125,Neutralization,K650Y,0.9524826937868558
