id,virus,treatment,concentration,replicate,fluo,assay,file.name,remaining_signal
A1,K723E,mAb,0.01,1,2.625,Neutralization,K723E,0.002203798929583377
A2,K723E,mAb,0.01,2,2.625,Neutralization,K723E,0.002203798929583377
B1,K723E,mAb,3.3333333333333335E-3,1,14.625,Neutralization,K723E,0.01227830832196453
B2,K723E,mAb,3.3333333333333335E-3,2,20.625,Neutralization,K723E,0.017315563018155105
C1,K723E,mAb,1.1111111111111111E-3,1,130.625,Neutralization,K723E,0.10966523244831566
C2,K723E,mAb,1.1111111111111111E-3,2,127.625,Neutralization,K723E,0.10714660510022038
D1,K723E,mAb,3.7037037037037035E-4,1,475.625,Neutralization,K723E,0.3993073774792738
D2,K723E,mAb,3.7037037037037035E-4,2,492.625,Neutralization,K723E,0.4135795991184804
E1,K723E,mAb,1.2345679012345679E-4,1,883.625,Neutralization,K723E,0.741840696820233
E2,K723E,mAb,1.2345679012345679E-4,2,770.625,Neutralization,K723E,0.6469724000419771
F1,K723E,mAb,4.1149999999999997E-5,1,1023.625,Neutralization,K723E,0.8593766397313464
F2,K723E,mAb,4.1149999999999997E-5,2,923.625,Neutralization,K723E,0.7754223947948368
G1,K723E,negative,0,1,1037.625,Neutralization,K723E,0.8711302340224577
G2,K723E,negative,0,2,1153.625,Neutralization,K723E,0.9685171581488089
G3,K723E,negative,0,3,1173.625,Neutralization,K723E,0.9853080071361108
G4,K723E,negative,0,4,1234.625,Neutralization,K723E,1.0365200965473818
G5,K723E,negative,0,5,1197.625,Neutralization,K723E,1.005457025920873
G6,K723E,negative,0,6,1201.625,Neutralization,K723E,1.0088151957183336
G7,K723E,negative,0,7,1350.625,Neutralization,K723E,1.1339070206737327
G8,K723E,negative,0,8,1179.625,Neutralization,K723E,0.9903452618323014
